<!-- <!DOCTYPE beans PUBLIC "-//SPRING//DTD BEAN//EN"  -->
       <!--     "http://www.springframework.org/dtd/spring-beans.dtd"> -->

<beans xmlns="http://www.springframework.org/schema/beans"
    xmlns:xsi="http://www.w3.org/2001/XMLSchema-instance" 
    xmlns:context="http://www.springframework.org/schema/context"
    xmlns:aop="http://www.springframework.org/schema/aop"
    xmlns:lang="http://www.springframework.org/schema/lang"
	xmlns:util="http://www.springframework.org/schema/util"
	xmlns:tx="http://www.springframework.org/schema/tx"
    xsi:schemaLocation="http://www.springframework.org/schema/beans 
           http://www.springframework.org/schema/beans/spring-beans-3.0.xsd
           http://www.springframework.org/schema/context
           http://www.springframework.org/schema/context/spring-context-3.0.xsd
            http://www.springframework.org/schema/util 
            http://www.springframework.org/schema/util/spring-util.xsd
            http://www.springframework.org/schema/lang 
            http://www.springframework.org/schema/lang/spring-lang.xsd
		    http://www.springframework.org/schema/tx 
		   http://www.springframework.org/schema/tx/spring-tx.xsd
	       http://www.springframework.org/schema/aop 
	       http://www.springframework.org/schema/aop/spring-aop-3.0.xsd">
      <context:annotation-config> </context:annotation-config>
     <context:component-scan base-package="org.npu.orderapp.services"> </context:component-scan>   
      
 
	<bean id = "Saletax" class = "org.npu.orderapp.services.TaxServiceImpl" >
		   <property name = "tax" > 
				<map> 
	 				<entry key = "CA" value = "0.01" /> 
	 				<entry key = "NV" value  = "0.02" />  
				</map> 
			</property>
	</bean>
	
	 <aop:aspectj-autoproxy/>
	<bean id ="Logging" class="org.npu.orderapp.aspect.Logging"/> 
    <aop:aspectj-autoproxy/>
	<bean id ="Aspect" class="org.npu.orderapp.aspect.Aspect"/>  
	
 	
</beans>

